,Model,AIC_train,BIC_train,R-squared_train,MAE_train,RMSE_train
0,SVR,3163.3493885901,3165.964509106941,-0.06183869485260218,4599524.303656456,6263467.4656140525
1,RF,2751.1146876882995,2753.7298082051407,0.9820744761593707,520399.1968316831,813807.1105048418
2,MLP,2513.6805117854105,2516.2956323022518,0.9982918819903142,191606.86106706475,251214.37557135953
3,RNN,3038.105069659351,3040.7201901761923,0.6927337792166489,2677524.1534653464,3369325.4433861184
4,LSTM,3335.024244503812,3337.6393650206533,-4.8110023171667535,13356726.656511666,14652477.947467493
