,Model,AIC_train,BIC_train,R-squared_train,MAE_train,RMSE_train
0,SVR,3163.3493885901,3165.964509106941,-0.06183869485260218,4599524.303656456,6263467.4656140525
1,RF,2749.7755156534586,2752.3906361703,0.9823105842405807,526985.5865346534,808429.7681656834
2,MLP,2597.577978856636,2600.1930993734773,0.9960801233906287,256038.22393742396,380558.7836666055
3,RNN,3055.9276450083503,3058.5427655251915,0.6334350646567497,2982314.1014851485,3680111.7927933484
4,LSTM,3312.408901041448,3315.0240215582894,-3.6452202148028325,11841283.079207921,13100525.166882211
