,Model,AIC_train,BIC_train,R-squared_train,MAE_train,RMSE_train
0,SVR,3163.3493885901,3165.964509106941,-0.06183869485260218,4599524.303656456,6263467.4656140525
1,RF,2759.4776925920996,2762.092813108941,0.980527024377967,538347.8710891091,848206.7264858377
2,MLP,2383.8374798483396,2386.452600365181,0.9995277195935507,93019.13058537879,132094.73753198958
3,RNN,3116.222385418417,3118.8375059352584,0.33409080967472204,3504244.4306930695,4960129.970419319
4,LSTM,3344.004951760003,3346.6200722768444,-5.3513727171672,13968538.96815536,15318609.724556323
